{
    "xValue": 51.12738800048828,
    "yValue": 1.7799999713897706,
    "zValue": 0.5099999904632568
}